command                                              ,mean               ,stddev                ,median        ,user               ,system             ,min           ,max
./calculate_average_merykittyunsafe.sh               ,1.38626720956      ,0.01020137999217643   ,1.38646092256 ,15.33926201333333  ,0.8056807133333334 ,1.37597035256 ,1.39637035356
./calculate_average_merykitty.sh                     ,1.52302498056      ,0.024776606613417875  ,1.51367661556 ,18.186701346666666 ,0.84820238         ,1.50428258156 ,1.5511157445600001
~/Dev/C/FOSS/1brc/bin/analyze measurements.txt       ,1.26986208056      ,0.0027637210575434737 ,1.27139843756 ,17.387286346666667 ,0.60559138         ,1.26667153556 ,1.27151626856
~/Dev/Crystal/1brc.cr/run.sh 1brc_parallel_mmap 64 8 ,3.22288731556      ,0.047787448027210376  ,3.24934524856 ,45.87736768        ,0.69129838         ,3.16772240356 ,3.25159429456
~/Dev/Crystal/1brc.cr/run.sh 1brc_parallel_mmap 32 4 ,3.29672855656      ,0.003128827655952239  ,3.29812876856 ,45.482037346666665 ,0.64465238         ,3.29314416256 ,3.29891273856
~/Dev/Crystal/1brc.cr/run.sh 1brc_parallel_mmap 16 2 ,3.6604807242266664 ,0.03505988952276722   ,3.65632798056 ,39.81842734666666  ,0.5720640466666667 ,3.62768214956 ,3.69743204256
